INSERT INTO raw_data.customers (customer_id, name, email, city, updated_at) VALUES
(1,'Alice Smith','alice@example.com','New York','2024-01-01 10:00:00'),
(2,'Bob Jones','bob@example.com','Chicago','2024-01-02 11:00:00'),
(3,'Carol White','carol@example.com','Boston','2024-01-03 12:00:00'),
(4,'David Green','david@example.com','Seattle','2024-01-04 13:00:00'),
(5,'Emma Brown','emma@example.com','Miami','2024-01-05 14:00:00'),
(6,'Frank Black','frank@example.com','Dallas','2024-01-06 15:00:00'),
(7,'Grace Lee','grace@example.com','Denver','2024-01-07 16:00:00'),
(8,'Henry Adams','henry@example.com','Atlanta','2024-01-08 17:00:00'),
(9,'Ivy Clark','ivy@example.com','San Francisco','2024-01-09 18:00:00'),
(10,'Jack Hill','jack@example.com','Houston','2024-01-10 19:00:00'),
(11,'Kate Young','kate@example.com','Phoenix','2024-01-11 20:00:00'),
(12,'Leo Scott','leo@example.com','Portland','2024-01-12 21:00:00'),
(13,'Mia King','mia@example.com','Orlando','2024-01-13 22:00:00'),
(14,'Noah Reed','noah@example.com','Detroit','2024-01-14 23:00:00'),
(15,'Olivia Ward','olivia@example.com','Las Vegas','2024-01-15 09:00:00'),
(16,'Paul Hall','paul@example.com','San Diego','2024-01-16 10:00:00'),
(17,'Quinn Fox','quinn@example.com','Philadelphia','2024-01-17 11:00:00'),
(18,'Ruby Bell','ruby@example.com','Austin','2024-01-18 12:00:00'),
(19,'Sam Ross','sam@example.com','Columbus','2024-01-19 13:00:00'),
(20,'Zoe Black','zoe@example.com','Miami','2024-01-20 09:00:00');

INSERT INTO raw_data.products (product_id, product_name, category, price, updated_at) VALUES
(101,'Laptop','Electronics',1200.00,'2024-01-01 09:00:00'),
(102,'Smartphone','Electronics',800.00,'2024-01-02 10:00:00'),
(103,'Headphones','Electronics',150.00,'2024-01-03 11:00:00'),
(104,'Tablet','Electronics',600.00,'2024-01-04 12:00:00'),
(105,'Monitor','Electronics',300.00,'2024-01-05 13:00:00'),
(106,'Keyboard','Electronics',50.00,'2024-01-06 14:00:00'),
(107,'Mouse','Electronics',40.00,'2024-01-07 15:00:00'),
(108,'Printer','Electronics',200.00,'2024-01-08 16:00:00'),
(109,'Camera','Electronics',500.00,'2024-01-09 17:00:00'),
(110,'Speaker','Electronics',120.00,'2024-01-10 18:00:00'),
(111,'Desk','Furniture',250.00,'2024-01-11 19:00:00'),
(112,'Chair','Furniture',150.00,'2024-01-12 20:00:00'),
(113,'Bookshelf','Furniture',180.00,'2024-01-13 21:00:00'),
(114,'Bed','Furniture',700.00,'2024-01-14 22:00:00'),
(115,'Sofa','Furniture',900.00,'2024-01-15 23:00:00'),
(116,'Dining Table','Furniture',600.00,'2024-01-16 09:00:00'),
(117,'Lamp','Home',80.00,'2024-01-17 10:00:00'),
(118,'Vacuum Cleaner','Home',150.00,'2024-01-18 11:00:00'),
(119,'Microwave','Home',200.00,'2024-01-19 12:00:00'),
(120,'Coffee Maker','Home',90.00,'2024-01-20 08:00:00');

INSERT INTO raw_data.orders (order_id, customer_id, product_id, quantity, order_date) VALUES
(1001,1,101,1,'2024-02-01 14:00:00'),
(1002,2,102,2,'2024-02-02 15:00:00'),
(1003,3,103,1,'2024-02-03 16:00:00'),
(1004,4,104,1,'2024-02-04 17:00:00'),
(1005,5,105,2,'2024-02-05 18:00:00'),
(1006,6,106,3,'2024-02-06 19:00:00'),
(1007,7,107,1,'2024-02-07 20:00:00'),
(1008,8,108,1,'2024-02-08 21:00:00'),
(1009,9,109,1,'2024-02-09 22:00:00'),
(1010,10,110,2,'2024-02-10 23:00:00'),
(1011,11,111,1,'2024-02-11 09:00:00'),
(1012,12,112,2,'2024-02-12 10:00:00'),
(1013,13,113,1,'2024-02-13 11:00:00'),
(1014,14,114,1,'2024-02-14 12:00:00'),
(1015,15,115,1,'2024-02-15 13:00:00'),
(1016,16,116,1,'2024-02-16 14:00:00'),
(1017,17,117,2,'2024-02-17 15:00:00'),
(1018,18,118,1,'2024-02-18 16:00:00'),
(1019,19,119,1,'2024-02-19 17:00:00'),
(1020,20,120,3,'2024-02-20 12:00:00');

INSERT INTO raw_data.payments (payment_id, order_id, payment_method, amount, payment_date) VALUES
(5001,1001,'Credit Card',1200.00,'2024-02-01 14:30:00'),
(5002,1002,'PayPal',1600.00,'2024-02-02 15:30:00'),
(5003,1003,'Debit Card',150.00,'2024-02-03 16:30:00'),
(5004,1004,'Credit Card',600.00,'2024-02-04 17:30:00'),
(5005,1005,'Credit Card',600.00,'2024-02-05 18:30:00'),
(5006,1006,'PayPal',150.00,'2024-02-06 19:30:00'),
(5007,1007,'Debit Card',40.00,'2024-02-07 20:30:00'),
(5008,1008,'Credit Card',200.00,'2024-02-08 21:30:00'),
(5009,1009,'PayPal',500.00,'2024-02-09 22:30:00'),
(5010,1010,'Credit Card',240.00,'2024-02-10 23:30:00'),
(5011,1011,'Debit Card',250.00,'2024-02-11 09:30:00'),
(5012,1012,'Credit Card',300.00,'2024-02-12 10:30:00'),
(5013,1013,'PayPal',180.00,'2024-02-13 11:30:00'),
(5014,1014,'Credit Card',700.00,'2024-03-12 14:30:00');